trial_id,integration,domain_key,domain_config,task,condition,seed,granularity,ablation_key,ablation_val,base_config,n_episodes_override,data_path,results_path,run_name
1,finetune,Robot,configs/domains/robot.yaml,Passive,Prioritization-PER,1,binary,mlp.model_noise,0.0,configs/base.yaml,,/cluster/home/jsanta07/fNIRS2RL/Experiment/ParticipantData/,/cluster/home/jsanta07/OfflineNeuroloop,Robot__Passive__Prioritization-PER__finetune__binary__seed1__noise0.0__beta1.0__ft0.0
2,finetune,Robot,configs/domains/robot.yaml,Passive,Prioritization-PER,1,binary,mlp.model_noise,0.2,configs/base.yaml,,/cluster/home/jsanta07/fNIRS2RL/Experiment/ParticipantData/,/cluster/home/jsanta07/OfflineNeuroloop,Robot__Passive__Prioritization-PER__finetune__binary__seed1__noise0.2__beta1.0__ft0.0
3,finetune,Robot,configs/domains/robot.yaml,Passive,Prioritization-PER,1,binary,mlp.model_noise,0.5,configs/base.yaml,,/cluster/home/jsanta07/fNIRS2RL/Experiment/ParticipantData/,/cluster/home/jsanta07/OfflineNeuroloop,Robot__Passive__Prioritization-PER__finetune__binary__seed1__noise0.5__beta1.0__ft0.0
4,finetune,Robot,configs/domains/robot.yaml,Passive,Prioritization-PER,1,binary,mlp.model_noise,1.0,configs/base.yaml,,/cluster/home/jsanta07/fNIRS2RL/Experiment/ParticipantData/,/cluster/home/jsanta07/OfflineNeuroloop,Robot__Passive__Prioritization-PER__finetune__binary__seed1__noise1.0__beta1.0__ft0.0
5,finetune,Robot,configs/domains/robot.yaml,Active,Prioritization-PER,1,binary,mlp.model_noise,0.0,configs/base.yaml,,/cluster/home/jsanta07/fNIRS2RL/Experiment/ParticipantData/,/cluster/home/jsanta07/OfflineNeuroloop,Robot__Active__Prioritization-PER__finetune__binary__seed1__noise0.0__beta1.0__ft0.0
6,finetune,Robot,configs/domains/robot.yaml,Active,Prioritization-PER,1,binary,mlp.model_noise,0.2,configs/base.yaml,,/cluster/home/jsanta07/fNIRS2RL/Experiment/ParticipantData/,/cluster/home/jsanta07/OfflineNeuroloop,Robot__Active__Prioritization-PER__finetune__binary__seed1__noise0.2__beta1.0__ft0.0
7,finetune,Robot,configs/domains/robot.yaml,Active,Prioritization-PER,1,binary,mlp.model_noise,0.5,configs/base.yaml,,/cluster/home/jsanta07/fNIRS2RL/Experiment/ParticipantData/,/cluster/home/jsanta07/OfflineNeuroloop,Robot__Active__Prioritization-PER__finetune__binary__seed1__noise0.5__beta1.0__ft0.0
8,finetune,Robot,configs/domains/robot.yaml,Active,Prioritization-PER,1,binary,mlp.model_noise,1.0,configs/base.yaml,,/cluster/home/jsanta07/fNIRS2RL/Experiment/ParticipantData/,/cluster/home/jsanta07/OfflineNeuroloop,Robot__Active__Prioritization-PER__finetune__binary__seed1__noise1.0__beta1.0__ft0.0
9,finetune,Robot,configs/domains/robot.yaml,Pooled,Prioritization-PER,1,binary,mlp.model_noise,0.0,configs/base.yaml,,/cluster/home/jsanta07/fNIRS2RL/Experiment/ParticipantData/,/cluster/home/jsanta07/OfflineNeuroloop,Robot__Pooled__Prioritization-PER__finetune__binary__seed1__noise0.0__beta1.0__ft0.0
10,finetune,Robot,configs/domains/robot.yaml,Pooled,Prioritization-PER,1,binary,mlp.model_noise,0.2,configs/base.yaml,,/cluster/home/jsanta07/fNIRS2RL/Experiment/ParticipantData/,/cluster/home/jsanta07/OfflineNeuroloop,Robot__Pooled__Prioritization-PER__finetune__binary__seed1__noise0.2__beta1.0__ft0.0
11,finetune,Robot,configs/domains/robot.yaml,Pooled,Prioritization-PER,1,binary,mlp.model_noise,0.5,configs/base.yaml,,/cluster/home/jsanta07/fNIRS2RL/Experiment/ParticipantData/,/cluster/home/jsanta07/OfflineNeuroloop,Robot__Pooled__Prioritization-PER__finetune__binary__seed1__noise0.5__beta1.0__ft0.0
12,finetune,Robot,configs/domains/robot.yaml,Pooled,Prioritization-PER,1,binary,mlp.model_noise,1.0,configs/base.yaml,,/cluster/home/jsanta07/fNIRS2RL/Experiment/ParticipantData/,/cluster/home/jsanta07/OfflineNeuroloop,Robot__Pooled__Prioritization-PER__finetune__binary__seed1__noise1.0__beta1.0__ft0.0
13,finetune,Robot,configs/domains/robot.yaml,Passive,Q-Augmentation-PER,1,binary,mlp.model_noise,0.0,configs/base.yaml,,/cluster/home/jsanta07/fNIRS2RL/Experiment/ParticipantData/,/cluster/home/jsanta07/OfflineNeuroloop,Robot__Passive__Q-Augmentation-PER__finetune__binary__seed1__noise0.0__beta1.0__ft0.0
14,finetune,Robot,configs/domains/robot.yaml,Passive,Q-Augmentation-PER,1,binary,mlp.model_noise,0.2,configs/base.yaml,,/cluster/home/jsanta07/fNIRS2RL/Experiment/ParticipantData/,/cluster/home/jsanta07/OfflineNeuroloop,Robot__Passive__Q-Augmentation-PER__finetune__binary__seed1__noise0.2__beta1.0__ft0.0
15,finetune,Robot,configs/domains/robot.yaml,Passive,Q-Augmentation-PER,1,binary,mlp.model_noise,0.5,configs/base.yaml,,/cluster/home/jsanta07/fNIRS2RL/Experiment/ParticipantData/,/cluster/home/jsanta07/OfflineNeuroloop,Robot__Passive__Q-Augmentation-PER__finetune__binary__seed1__noise0.5__beta1.0__ft0.0
16,finetune,Robot,configs/domains/robot.yaml,Passive,Q-Augmentation-PER,1,binary,mlp.model_noise,1.0,configs/base.yaml,,/cluster/home/jsanta07/fNIRS2RL/Experiment/ParticipantData/,/cluster/home/jsanta07/OfflineNeuroloop,Robot__Passive__Q-Augmentation-PER__finetune__binary__seed1__noise1.0__beta1.0__ft0.0
17,finetune,Robot,configs/domains/robot.yaml,Active,Q-Augmentation-PER,1,binary,mlp.model_noise,0.0,configs/base.yaml,,/cluster/home/jsanta07/fNIRS2RL/Experiment/ParticipantData/,/cluster/home/jsanta07/OfflineNeuroloop,Robot__Active__Q-Augmentation-PER__finetune__binary__seed1__noise0.0__beta1.0__ft0.0
18,finetune,Robot,configs/domains/robot.yaml,Active,Q-Augmentation-PER,1,binary,mlp.model_noise,0.2,configs/base.yaml,,/cluster/home/jsanta07/fNIRS2RL/Experiment/ParticipantData/,/cluster/home/jsanta07/OfflineNeuroloop,Robot__Active__Q-Augmentation-PER__finetune__binary__seed1__noise0.2__beta1.0__ft0.0
19,finetune,Robot,configs/domains/robot.yaml,Active,Q-Augmentation-PER,1,binary,mlp.model_noise,0.5,configs/base.yaml,,/cluster/home/jsanta07/fNIRS2RL/Experiment/ParticipantData/,/cluster/home/jsanta07/OfflineNeuroloop,Robot__Active__Q-Augmentation-PER__finetune__binary__seed1__noise0.5__beta1.0__ft0.0
20,finetune,Robot,configs/domains/robot.yaml,Active,Q-Augmentation-PER,1,binary,mlp.model_noise,1.0,configs/base.yaml,,/cluster/home/jsanta07/fNIRS2RL/Experiment/ParticipantData/,/cluster/home/jsanta07/OfflineNeuroloop,Robot__Active__Q-Augmentation-PER__finetune__binary__seed1__noise1.0__beta1.0__ft0.0
21,finetune,Robot,configs/domains/robot.yaml,Pooled,Q-Augmentation-PER,1,binary,mlp.model_noise,0.0,configs/base.yaml,,/cluster/home/jsanta07/fNIRS2RL/Experiment/ParticipantData/,/cluster/home/jsanta07/OfflineNeuroloop,Robot__Pooled__Q-Augmentation-PER__finetune__binary__seed1__noise0.0__beta1.0__ft0.0
22,finetune,Robot,configs/domains/robot.yaml,Pooled,Q-Augmentation-PER,1,binary,mlp.model_noise,0.2,configs/base.yaml,,/cluster/home/jsanta07/fNIRS2RL/Experiment/ParticipantData/,/cluster/home/jsanta07/OfflineNeuroloop,Robot__Pooled__Q-Augmentation-PER__finetune__binary__seed1__noise0.2__beta1.0__ft0.0
23,finetune,Robot,configs/domains/robot.yaml,Pooled,Q-Augmentation-PER,1,binary,mlp.model_noise,0.5,configs/base.yaml,,/cluster/home/jsanta07/fNIRS2RL/Experiment/ParticipantData/,/cluster/home/jsanta07/OfflineNeuroloop,Robot__Pooled__Q-Augmentation-PER__finetune__binary__seed1__noise0.5__beta1.0__ft0.0
24,finetune,Robot,configs/domains/robot.yaml,Pooled,Q-Augmentation-PER,1,binary,mlp.model_noise,1.0,configs/base.yaml,,/cluster/home/jsanta07/fNIRS2RL/Experiment/ParticipantData/,/cluster/home/jsanta07/OfflineNeuroloop,Robot__Pooled__Q-Augmentation-PER__finetune__binary__seed1__noise1.0__beta1.0__ft0.0
25,finetune,Robot,configs/domains/robot.yaml,Passive,Reward Augmentation-PER,1,binary,mlp.model_noise,0.0,configs/base.yaml,,/cluster/home/jsanta07/fNIRS2RL/Experiment/ParticipantData/,/cluster/home/jsanta07/OfflineNeuroloop,Robot__Passive__Reward Augmentation-PER__finetune__binary__seed1__noise0.0__beta1.0__ft0.0
26,finetune,Robot,configs/domains/robot.yaml,Passive,Reward Augmentation-PER,1,binary,mlp.model_noise,0.2,configs/base.yaml,,/cluster/home/jsanta07/fNIRS2RL/Experiment/ParticipantData/,/cluster/home/jsanta07/OfflineNeuroloop,Robot__Passive__Reward Augmentation-PER__finetune__binary__seed1__noise0.2__beta1.0__ft0.0
27,finetune,Robot,configs/domains/robot.yaml,Passive,Reward Augmentation-PER,1,binary,mlp.model_noise,0.5,configs/base.yaml,,/cluster/home/jsanta07/fNIRS2RL/Experiment/ParticipantData/,/cluster/home/jsanta07/OfflineNeuroloop,Robot__Passive__Reward Augmentation-PER__finetune__binary__seed1__noise0.5__beta1.0__ft0.0
28,finetune,Robot,configs/domains/robot.yaml,Passive,Reward Augmentation-PER,1,binary,mlp.model_noise,1.0,configs/base.yaml,,/cluster/home/jsanta07/fNIRS2RL/Experiment/ParticipantData/,/cluster/home/jsanta07/OfflineNeuroloop,Robot__Passive__Reward Augmentation-PER__finetune__binary__seed1__noise1.0__beta1.0__ft0.0
29,finetune,Robot,configs/domains/robot.yaml,Active,Reward Augmentation-PER,1,binary,mlp.model_noise,0.0,configs/base.yaml,,/cluster/home/jsanta07/fNIRS2RL/Experiment/ParticipantData/,/cluster/home/jsanta07/OfflineNeuroloop,Robot__Active__Reward Augmentation-PER__finetune__binary__seed1__noise0.0__beta1.0__ft0.0
30,finetune,Robot,configs/domains/robot.yaml,Active,Reward Augmentation-PER,1,binary,mlp.model_noise,0.2,configs/base.yaml,,/cluster/home/jsanta07/fNIRS2RL/Experiment/ParticipantData/,/cluster/home/jsanta07/OfflineNeuroloop,Robot__Active__Reward Augmentation-PER__finetune__binary__seed1__noise0.2__beta1.0__ft0.0
31,finetune,Robot,configs/domains/robot.yaml,Active,Reward Augmentation-PER,1,binary,mlp.model_noise,0.5,configs/base.yaml,,/cluster/home/jsanta07/fNIRS2RL/Experiment/ParticipantData/,/cluster/home/jsanta07/OfflineNeuroloop,Robot__Active__Reward Augmentation-PER__finetune__binary__seed1__noise0.5__beta1.0__ft0.0
32,finetune,Robot,configs/domains/robot.yaml,Active,Reward Augmentation-PER,1,binary,mlp.model_noise,1.0,configs/base.yaml,,/cluster/home/jsanta07/fNIRS2RL/Experiment/ParticipantData/,/cluster/home/jsanta07/OfflineNeuroloop,Robot__Active__Reward Augmentation-PER__finetune__binary__seed1__noise1.0__beta1.0__ft0.0
33,finetune,Robot,configs/domains/robot.yaml,Pooled,Reward Augmentation-PER,1,binary,mlp.model_noise,0.0,configs/base.yaml,,/cluster/home/jsanta07/fNIRS2RL/Experiment/ParticipantData/,/cluster/home/jsanta07/OfflineNeuroloop,Robot__Pooled__Reward Augmentation-PER__finetune__binary__seed1__noise0.0__beta1.0__ft0.0
34,finetune,Robot,configs/domains/robot.yaml,Pooled,Reward Augmentation-PER,1,binary,mlp.model_noise,0.2,configs/base.yaml,,/cluster/home/jsanta07/fNIRS2RL/Experiment/ParticipantData/,/cluster/home/jsanta07/OfflineNeuroloop,Robot__Pooled__Reward Augmentation-PER__finetune__binary__seed1__noise0.2__beta1.0__ft0.0
35,finetune,Robot,configs/domains/robot.yaml,Pooled,Reward Augmentation-PER,1,binary,mlp.model_noise,0.5,configs/base.yaml,,/cluster/home/jsanta07/fNIRS2RL/Experiment/ParticipantData/,/cluster/home/jsanta07/OfflineNeuroloop,Robot__Pooled__Reward Augmentation-PER__finetune__binary__seed1__noise0.5__beta1.0__ft0.0
36,finetune,Robot,configs/domains/robot.yaml,Pooled,Reward Augmentation-PER,1,binary,mlp.model_noise,1.0,configs/base.yaml,,/cluster/home/jsanta07/fNIRS2RL/Experiment/ParticipantData/,/cluster/home/jsanta07/OfflineNeuroloop,Robot__Pooled__Reward Augmentation-PER__finetune__binary__seed1__noise1.0__beta1.0__ft0.0
37,finetune,Robot,configs/domains/robot.yaml,Passive,All-PER,1,binary,mlp.model_noise,0.0,configs/base.yaml,,/cluster/home/jsanta07/fNIRS2RL/Experiment/ParticipantData/,/cluster/home/jsanta07/OfflineNeuroloop,Robot__Passive__All-PER__finetune__binary__seed1__noise0.0__beta1.0__ft0.0
38,finetune,Robot,configs/domains/robot.yaml,Passive,All-PER,1,binary,mlp.model_noise,0.2,configs/base.yaml,,/cluster/home/jsanta07/fNIRS2RL/Experiment/ParticipantData/,/cluster/home/jsanta07/OfflineNeuroloop,Robot__Passive__All-PER__finetune__binary__seed1__noise0.2__beta1.0__ft0.0
39,finetune,Robot,configs/domains/robot.yaml,Passive,All-PER,1,binary,mlp.model_noise,0.5,configs/base.yaml,,/cluster/home/jsanta07/fNIRS2RL/Experiment/ParticipantData/,/cluster/home/jsanta07/OfflineNeuroloop,Robot__Passive__All-PER__finetune__binary__seed1__noise0.5__beta1.0__ft0.0
40,finetune,Robot,configs/domains/robot.yaml,Passive,All-PER,1,binary,mlp.model_noise,1.0,configs/base.yaml,,/cluster/home/jsanta07/fNIRS2RL/Experiment/ParticipantData/,/cluster/home/jsanta07/OfflineNeuroloop,Robot__Passive__All-PER__finetune__binary__seed1__noise1.0__beta1.0__ft0.0
41,finetune,Robot,configs/domains/robot.yaml,Active,All-PER,1,binary,mlp.model_noise,0.0,configs/base.yaml,,/cluster/home/jsanta07/fNIRS2RL/Experiment/ParticipantData/,/cluster/home/jsanta07/OfflineNeuroloop,Robot__Active__All-PER__finetune__binary__seed1__noise0.0__beta1.0__ft0.0
42,finetune,Robot,configs/domains/robot.yaml,Active,All-PER,1,binary,mlp.model_noise,0.2,configs/base.yaml,,/cluster/home/jsanta07/fNIRS2RL/Experiment/ParticipantData/,/cluster/home/jsanta07/OfflineNeuroloop,Robot__Active__All-PER__finetune__binary__seed1__noise0.2__beta1.0__ft0.0
43,finetune,Robot,configs/domains/robot.yaml,Active,All-PER,1,binary,mlp.model_noise,0.5,configs/base.yaml,,/cluster/home/jsanta07/fNIRS2RL/Experiment/ParticipantData/,/cluster/home/jsanta07/OfflineNeuroloop,Robot__Active__All-PER__finetune__binary__seed1__noise0.5__beta1.0__ft0.0
44,finetune,Robot,configs/domains/robot.yaml,Active,All-PER,1,binary,mlp.model_noise,1.0,configs/base.yaml,,/cluster/home/jsanta07/fNIRS2RL/Experiment/ParticipantData/,/cluster/home/jsanta07/OfflineNeuroloop,Robot__Active__All-PER__finetune__binary__seed1__noise1.0__beta1.0__ft0.0
45,finetune,Robot,configs/domains/robot.yaml,Pooled,All-PER,1,binary,mlp.model_noise,0.0,configs/base.yaml,,/cluster/home/jsanta07/fNIRS2RL/Experiment/ParticipantData/,/cluster/home/jsanta07/OfflineNeuroloop,Robot__Pooled__All-PER__finetune__binary__seed1__noise0.0__beta1.0__ft0.0
46,finetune,Robot,configs/domains/robot.yaml,Pooled,All-PER,1,binary,mlp.model_noise,0.2,configs/base.yaml,,/cluster/home/jsanta07/fNIRS2RL/Experiment/ParticipantData/,/cluster/home/jsanta07/OfflineNeuroloop,Robot__Pooled__All-PER__finetune__binary__seed1__noise0.2__beta1.0__ft0.0
47,finetune,Robot,configs/domains/robot.yaml,Pooled,All-PER,1,binary,mlp.model_noise,0.5,configs/base.yaml,,/cluster/home/jsanta07/fNIRS2RL/Experiment/ParticipantData/,/cluster/home/jsanta07/OfflineNeuroloop,Robot__Pooled__All-PER__finetune__binary__seed1__noise0.5__beta1.0__ft0.0
48,finetune,Robot,configs/domains/robot.yaml,Pooled,All-PER,1,binary,mlp.model_noise,1.0,configs/base.yaml,,/cluster/home/jsanta07/fNIRS2RL/Experiment/ParticipantData/,/cluster/home/jsanta07/OfflineNeuroloop,Robot__Pooled__All-PER__finetune__binary__seed1__noise1.0__beta1.0__ft0.0
49,finetune,Robot,configs/domains/robot.yaml,Passive,Prioritization-PER,2,binary,mlp.model_noise,0.0,configs/base.yaml,,/cluster/home/jsanta07/fNIRS2RL/Experiment/ParticipantData/,/cluster/home/jsanta07/OfflineNeuroloop,Robot__Passive__Prioritization-PER__finetune__binary__seed2__noise0.0__beta1.0__ft0.0
50,finetune,Robot,configs/domains/robot.yaml,Passive,Prioritization-PER,2,binary,mlp.model_noise,0.2,configs/base.yaml,,/cluster/home/jsanta07/fNIRS2RL/Experiment/ParticipantData/,/cluster/home/jsanta07/OfflineNeuroloop,Robot__Passive__Prioritization-PER__finetune__binary__seed2__noise0.2__beta1.0__ft0.0
51,finetune,Robot,configs/domains/robot.yaml,Passive,Prioritization-PER,2,binary,mlp.model_noise,0.5,configs/base.yaml,,/cluster/home/jsanta07/fNIRS2RL/Experiment/ParticipantData/,/cluster/home/jsanta07/OfflineNeuroloop,Robot__Passive__Prioritization-PER__finetune__binary__seed2__noise0.5__beta1.0__ft0.0
52,finetune,Robot,configs/domains/robot.yaml,Passive,Prioritization-PER,2,binary,mlp.model_noise,1.0,configs/base.yaml,,/cluster/home/jsanta07/fNIRS2RL/Experiment/ParticipantData/,/cluster/home/jsanta07/OfflineNeuroloop,Robot__Passive__Prioritization-PER__finetune__binary__seed2__noise1.0__beta1.0__ft0.0
53,finetune,Robot,configs/domains/robot.yaml,Active,Prioritization-PER,2,binary,mlp.model_noise,0.0,configs/base.yaml,,/cluster/home/jsanta07/fNIRS2RL/Experiment/ParticipantData/,/cluster/home/jsanta07/OfflineNeuroloop,Robot__Active__Prioritization-PER__finetune__binary__seed2__noise0.0__beta1.0__ft0.0
54,finetune,Robot,configs/domains/robot.yaml,Active,Prioritization-PER,2,binary,mlp.model_noise,0.2,configs/base.yaml,,/cluster/home/jsanta07/fNIRS2RL/Experiment/ParticipantData/,/cluster/home/jsanta07/OfflineNeuroloop,Robot__Active__Prioritization-PER__finetune__binary__seed2__noise0.2__beta1.0__ft0.0
55,finetune,Robot,configs/domains/robot.yaml,Active,Prioritization-PER,2,binary,mlp.model_noise,0.5,configs/base.yaml,,/cluster/home/jsanta07/fNIRS2RL/Experiment/ParticipantData/,/cluster/home/jsanta07/OfflineNeuroloop,Robot__Active__Prioritization-PER__finetune__binary__seed2__noise0.5__beta1.0__ft0.0
56,finetune,Robot,configs/domains/robot.yaml,Active,Prioritization-PER,2,binary,mlp.model_noise,1.0,configs/base.yaml,,/cluster/home/jsanta07/fNIRS2RL/Experiment/ParticipantData/,/cluster/home/jsanta07/OfflineNeuroloop,Robot__Active__Prioritization-PER__finetune__binary__seed2__noise1.0__beta1.0__ft0.0
57,finetune,Robot,configs/domains/robot.yaml,Pooled,Prioritization-PER,2,binary,mlp.model_noise,0.0,configs/base.yaml,,/cluster/home/jsanta07/fNIRS2RL/Experiment/ParticipantData/,/cluster/home/jsanta07/OfflineNeuroloop,Robot__Pooled__Prioritization-PER__finetune__binary__seed2__noise0.0__beta1.0__ft0.0
58,finetune,Robot,configs/domains/robot.yaml,Pooled,Prioritization-PER,2,binary,mlp.model_noise,0.2,configs/base.yaml,,/cluster/home/jsanta07/fNIRS2RL/Experiment/ParticipantData/,/cluster/home/jsanta07/OfflineNeuroloop,Robot__Pooled__Prioritization-PER__finetune__binary__seed2__noise0.2__beta1.0__ft0.0
59,finetune,Robot,configs/domains/robot.yaml,Pooled,Prioritization-PER,2,binary,mlp.model_noise,0.5,configs/base.yaml,,/cluster/home/jsanta07/fNIRS2RL/Experiment/ParticipantData/,/cluster/home/jsanta07/OfflineNeuroloop,Robot__Pooled__Prioritization-PER__finetune__binary__seed2__noise0.5__beta1.0__ft0.0
60,finetune,Robot,configs/domains/robot.yaml,Pooled,Prioritization-PER,2,binary,mlp.model_noise,1.0,configs/base.yaml,,/cluster/home/jsanta07/fNIRS2RL/Experiment/ParticipantData/,/cluster/home/jsanta07/OfflineNeuroloop,Robot__Pooled__Prioritization-PER__finetune__binary__seed2__noise1.0__beta1.0__ft0.0
61,finetune,Robot,configs/domains/robot.yaml,Passive,Q-Augmentation-PER,2,binary,mlp.model_noise,0.0,configs/base.yaml,,/cluster/home/jsanta07/fNIRS2RL/Experiment/ParticipantData/,/cluster/home/jsanta07/OfflineNeuroloop,Robot__Passive__Q-Augmentation-PER__finetune__binary__seed2__noise0.0__beta1.0__ft0.0
62,finetune,Robot,configs/domains/robot.yaml,Passive,Q-Augmentation-PER,2,binary,mlp.model_noise,0.2,configs/base.yaml,,/cluster/home/jsanta07/fNIRS2RL/Experiment/ParticipantData/,/cluster/home/jsanta07/OfflineNeuroloop,Robot__Passive__Q-Augmentation-PER__finetune__binary__seed2__noise0.2__beta1.0__ft0.0
63,finetune,Robot,configs/domains/robot.yaml,Passive,Q-Augmentation-PER,2,binary,mlp.model_noise,0.5,configs/base.yaml,,/cluster/home/jsanta07/fNIRS2RL/Experiment/ParticipantData/,/cluster/home/jsanta07/OfflineNeuroloop,Robot__Passive__Q-Augmentation-PER__finetune__binary__seed2__noise0.5__beta1.0__ft0.0
64,finetune,Robot,configs/domains/robot.yaml,Passive,Q-Augmentation-PER,2,binary,mlp.model_noise,1.0,configs/base.yaml,,/cluster/home/jsanta07/fNIRS2RL/Experiment/ParticipantData/,/cluster/home/jsanta07/OfflineNeuroloop,Robot__Passive__Q-Augmentation-PER__finetune__binary__seed2__noise1.0__beta1.0__ft0.0
65,finetune,Robot,configs/domains/robot.yaml,Active,Q-Augmentation-PER,2,binary,mlp.model_noise,0.0,configs/base.yaml,,/cluster/home/jsanta07/fNIRS2RL/Experiment/ParticipantData/,/cluster/home/jsanta07/OfflineNeuroloop,Robot__Active__Q-Augmentation-PER__finetune__binary__seed2__noise0.0__beta1.0__ft0.0
66,finetune,Robot,configs/domains/robot.yaml,Active,Q-Augmentation-PER,2,binary,mlp.model_noise,0.2,configs/base.yaml,,/cluster/home/jsanta07/fNIRS2RL/Experiment/ParticipantData/,/cluster/home/jsanta07/OfflineNeuroloop,Robot__Active__Q-Augmentation-PER__finetune__binary__seed2__noise0.2__beta1.0__ft0.0
67,finetune,Robot,configs/domains/robot.yaml,Active,Q-Augmentation-PER,2,binary,mlp.model_noise,0.5,configs/base.yaml,,/cluster/home/jsanta07/fNIRS2RL/Experiment/ParticipantData/,/cluster/home/jsanta07/OfflineNeuroloop,Robot__Active__Q-Augmentation-PER__finetune__binary__seed2__noise0.5__beta1.0__ft0.0
68,finetune,Robot,configs/domains/robot.yaml,Active,Q-Augmentation-PER,2,binary,mlp.model_noise,1.0,configs/base.yaml,,/cluster/home/jsanta07/fNIRS2RL/Experiment/ParticipantData/,/cluster/home/jsanta07/OfflineNeuroloop,Robot__Active__Q-Augmentation-PER__finetune__binary__seed2__noise1.0__beta1.0__ft0.0
69,finetune,Robot,configs/domains/robot.yaml,Pooled,Q-Augmentation-PER,2,binary,mlp.model_noise,0.0,configs/base.yaml,,/cluster/home/jsanta07/fNIRS2RL/Experiment/ParticipantData/,/cluster/home/jsanta07/OfflineNeuroloop,Robot__Pooled__Q-Augmentation-PER__finetune__binary__seed2__noise0.0__beta1.0__ft0.0
70,finetune,Robot,configs/domains/robot.yaml,Pooled,Q-Augmentation-PER,2,binary,mlp.model_noise,0.2,configs/base.yaml,,/cluster/home/jsanta07/fNIRS2RL/Experiment/ParticipantData/,/cluster/home/jsanta07/OfflineNeuroloop,Robot__Pooled__Q-Augmentation-PER__finetune__binary__seed2__noise0.2__beta1.0__ft0.0
71,finetune,Robot,configs/domains/robot.yaml,Pooled,Q-Augmentation-PER,2,binary,mlp.model_noise,0.5,configs/base.yaml,,/cluster/home/jsanta07/fNIRS2RL/Experiment/ParticipantData/,/cluster/home/jsanta07/OfflineNeuroloop,Robot__Pooled__Q-Augmentation-PER__finetune__binary__seed2__noise0.5__beta1.0__ft0.0
72,finetune,Robot,configs/domains/robot.yaml,Pooled,Q-Augmentation-PER,2,binary,mlp.model_noise,1.0,configs/base.yaml,,/cluster/home/jsanta07/fNIRS2RL/Experiment/ParticipantData/,/cluster/home/jsanta07/OfflineNeuroloop,Robot__Pooled__Q-Augmentation-PER__finetune__binary__seed2__noise1.0__beta1.0__ft0.0
73,finetune,Robot,configs/domains/robot.yaml,Passive,Reward Augmentation-PER,2,binary,mlp.model_noise,0.0,configs/base.yaml,,/cluster/home/jsanta07/fNIRS2RL/Experiment/ParticipantData/,/cluster/home/jsanta07/OfflineNeuroloop,Robot__Passive__Reward Augmentation-PER__finetune__binary__seed2__noise0.0__beta1.0__ft0.0
74,finetune,Robot,configs/domains/robot.yaml,Passive,Reward Augmentation-PER,2,binary,mlp.model_noise,0.2,configs/base.yaml,,/cluster/home/jsanta07/fNIRS2RL/Experiment/ParticipantData/,/cluster/home/jsanta07/OfflineNeuroloop,Robot__Passive__Reward Augmentation-PER__finetune__binary__seed2__noise0.2__beta1.0__ft0.0
75,finetune,Robot,configs/domains/robot.yaml,Passive,Reward Augmentation-PER,2,binary,mlp.model_noise,0.5,configs/base.yaml,,/cluster/home/jsanta07/fNIRS2RL/Experiment/ParticipantData/,/cluster/home/jsanta07/OfflineNeuroloop,Robot__Passive__Reward Augmentation-PER__finetune__binary__seed2__noise0.5__beta1.0__ft0.0
76,finetune,Robot,configs/domains/robot.yaml,Passive,Reward Augmentation-PER,2,binary,mlp.model_noise,1.0,configs/base.yaml,,/cluster/home/jsanta07/fNIRS2RL/Experiment/ParticipantData/,/cluster/home/jsanta07/OfflineNeuroloop,Robot__Passive__Reward Augmentation-PER__finetune__binary__seed2__noise1.0__beta1.0__ft0.0
77,finetune,Robot,configs/domains/robot.yaml,Active,Reward Augmentation-PER,2,binary,mlp.model_noise,0.0,configs/base.yaml,,/cluster/home/jsanta07/fNIRS2RL/Experiment/ParticipantData/,/cluster/home/jsanta07/OfflineNeuroloop,Robot__Active__Reward Augmentation-PER__finetune__binary__seed2__noise0.0__beta1.0__ft0.0
78,finetune,Robot,configs/domains/robot.yaml,Active,Reward Augmentation-PER,2,binary,mlp.model_noise,0.2,configs/base.yaml,,/cluster/home/jsanta07/fNIRS2RL/Experiment/ParticipantData/,/cluster/home/jsanta07/OfflineNeuroloop,Robot__Active__Reward Augmentation-PER__finetune__binary__seed2__noise0.2__beta1.0__ft0.0
79,finetune,Robot,configs/domains/robot.yaml,Active,Reward Augmentation-PER,2,binary,mlp.model_noise,0.5,configs/base.yaml,,/cluster/home/jsanta07/fNIRS2RL/Experiment/ParticipantData/,/cluster/home/jsanta07/OfflineNeuroloop,Robot__Active__Reward Augmentation-PER__finetune__binary__seed2__noise0.5__beta1.0__ft0.0
80,finetune,Robot,configs/domains/robot.yaml,Active,Reward Augmentation-PER,2,binary,mlp.model_noise,1.0,configs/base.yaml,,/cluster/home/jsanta07/fNIRS2RL/Experiment/ParticipantData/,/cluster/home/jsanta07/OfflineNeuroloop,Robot__Active__Reward Augmentation-PER__finetune__binary__seed2__noise1.0__beta1.0__ft0.0
81,finetune,Robot,configs/domains/robot.yaml,Pooled,Reward Augmentation-PER,2,binary,mlp.model_noise,0.0,configs/base.yaml,,/cluster/home/jsanta07/fNIRS2RL/Experiment/ParticipantData/,/cluster/home/jsanta07/OfflineNeuroloop,Robot__Pooled__Reward Augmentation-PER__finetune__binary__seed2__noise0.0__beta1.0__ft0.0
82,finetune,Robot,configs/domains/robot.yaml,Pooled,Reward Augmentation-PER,2,binary,mlp.model_noise,0.2,configs/base.yaml,,/cluster/home/jsanta07/fNIRS2RL/Experiment/ParticipantData/,/cluster/home/jsanta07/OfflineNeuroloop,Robot__Pooled__Reward Augmentation-PER__finetune__binary__seed2__noise0.2__beta1.0__ft0.0
83,finetune,Robot,configs/domains/robot.yaml,Pooled,Reward Augmentation-PER,2,binary,mlp.model_noise,0.5,configs/base.yaml,,/cluster/home/jsanta07/fNIRS2RL/Experiment/ParticipantData/,/cluster/home/jsanta07/OfflineNeuroloop,Robot__Pooled__Reward Augmentation-PER__finetune__binary__seed2__noise0.5__beta1.0__ft0.0
84,finetune,Robot,configs/domains/robot.yaml,Pooled,Reward Augmentation-PER,2,binary,mlp.model_noise,1.0,configs/base.yaml,,/cluster/home/jsanta07/fNIRS2RL/Experiment/ParticipantData/,/cluster/home/jsanta07/OfflineNeuroloop,Robot__Pooled__Reward Augmentation-PER__finetune__binary__seed2__noise1.0__beta1.0__ft0.0
85,finetune,Robot,configs/domains/robot.yaml,Passive,All-PER,2,binary,mlp.model_noise,0.0,configs/base.yaml,,/cluster/home/jsanta07/fNIRS2RL/Experiment/ParticipantData/,/cluster/home/jsanta07/OfflineNeuroloop,Robot__Passive__All-PER__finetune__binary__seed2__noise0.0__beta1.0__ft0.0
86,finetune,Robot,configs/domains/robot.yaml,Passive,All-PER,2,binary,mlp.model_noise,0.2,configs/base.yaml,,/cluster/home/jsanta07/fNIRS2RL/Experiment/ParticipantData/,/cluster/home/jsanta07/OfflineNeuroloop,Robot__Passive__All-PER__finetune__binary__seed2__noise0.2__beta1.0__ft0.0
87,finetune,Robot,configs/domains/robot.yaml,Passive,All-PER,2,binary,mlp.model_noise,0.5,configs/base.yaml,,/cluster/home/jsanta07/fNIRS2RL/Experiment/ParticipantData/,/cluster/home/jsanta07/OfflineNeuroloop,Robot__Passive__All-PER__finetune__binary__seed2__noise0.5__beta1.0__ft0.0
88,finetune,Robot,configs/domains/robot.yaml,Passive,All-PER,2,binary,mlp.model_noise,1.0,configs/base.yaml,,/cluster/home/jsanta07/fNIRS2RL/Experiment/ParticipantData/,/cluster/home/jsanta07/OfflineNeuroloop,Robot__Passive__All-PER__finetune__binary__seed2__noise1.0__beta1.0__ft0.0
89,finetune,Robot,configs/domains/robot.yaml,Active,All-PER,2,binary,mlp.model_noise,0.0,configs/base.yaml,,/cluster/home/jsanta07/fNIRS2RL/Experiment/ParticipantData/,/cluster/home/jsanta07/OfflineNeuroloop,Robot__Active__All-PER__finetune__binary__seed2__noise0.0__beta1.0__ft0.0
90,finetune,Robot,configs/domains/robot.yaml,Active,All-PER,2,binary,mlp.model_noise,0.2,configs/base.yaml,,/cluster/home/jsanta07/fNIRS2RL/Experiment/ParticipantData/,/cluster/home/jsanta07/OfflineNeuroloop,Robot__Active__All-PER__finetune__binary__seed2__noise0.2__beta1.0__ft0.0
91,finetune,Robot,configs/domains/robot.yaml,Active,All-PER,2,binary,mlp.model_noise,0.5,configs/base.yaml,,/cluster/home/jsanta07/fNIRS2RL/Experiment/ParticipantData/,/cluster/home/jsanta07/OfflineNeuroloop,Robot__Active__All-PER__finetune__binary__seed2__noise0.5__beta1.0__ft0.0
92,finetune,Robot,configs/domains/robot.yaml,Active,All-PER,2,binary,mlp.model_noise,1.0,configs/base.yaml,,/cluster/home/jsanta07/fNIRS2RL/Experiment/ParticipantData/,/cluster/home/jsanta07/OfflineNeuroloop,Robot__Active__All-PER__finetune__binary__seed2__noise1.0__beta1.0__ft0.0
93,finetune,Robot,configs/domains/robot.yaml,Pooled,All-PER,2,binary,mlp.model_noise,0.0,configs/base.yaml,,/cluster/home/jsanta07/fNIRS2RL/Experiment/ParticipantData/,/cluster/home/jsanta07/OfflineNeuroloop,Robot__Pooled__All-PER__finetune__binary__seed2__noise0.0__beta1.0__ft0.0
94,finetune,Robot,configs/domains/robot.yaml,Pooled,All-PER,2,binary,mlp.model_noise,0.2,configs/base.yaml,,/cluster/home/jsanta07/fNIRS2RL/Experiment/ParticipantData/,/cluster/home/jsanta07/OfflineNeuroloop,Robot__Pooled__All-PER__finetune__binary__seed2__noise0.2__beta1.0__ft0.0
95,finetune,Robot,configs/domains/robot.yaml,Pooled,All-PER,2,binary,mlp.model_noise,0.5,configs/base.yaml,,/cluster/home/jsanta07/fNIRS2RL/Experiment/ParticipantData/,/cluster/home/jsanta07/OfflineNeuroloop,Robot__Pooled__All-PER__finetune__binary__seed2__noise0.5__beta1.0__ft0.0
96,finetune,Robot,configs/domains/robot.yaml,Pooled,All-PER,2,binary,mlp.model_noise,1.0,configs/base.yaml,,/cluster/home/jsanta07/fNIRS2RL/Experiment/ParticipantData/,/cluster/home/jsanta07/OfflineNeuroloop,Robot__Pooled__All-PER__finetune__binary__seed2__noise1.0__beta1.0__ft0.0
97,finetune,Robot,configs/domains/robot.yaml,Passive,Prioritization-PER,3,binary,mlp.model_noise,0.0,configs/base.yaml,,/cluster/home/jsanta07/fNIRS2RL/Experiment/ParticipantData/,/cluster/home/jsanta07/OfflineNeuroloop,Robot__Passive__Prioritization-PER__finetune__binary__seed3__noise0.0__beta1.0__ft0.0
98,finetune,Robot,configs/domains/robot.yaml,Passive,Prioritization-PER,3,binary,mlp.model_noise,0.2,configs/base.yaml,,/cluster/home/jsanta07/fNIRS2RL/Experiment/ParticipantData/,/cluster/home/jsanta07/OfflineNeuroloop,Robot__Passive__Prioritization-PER__finetune__binary__seed3__noise0.2__beta1.0__ft0.0
99,finetune,Robot,configs/domains/robot.yaml,Passive,Prioritization-PER,3,binary,mlp.model_noise,0.5,configs/base.yaml,,/cluster/home/jsanta07/fNIRS2RL/Experiment/ParticipantData/,/cluster/home/jsanta07/OfflineNeuroloop,Robot__Passive__Prioritization-PER__finetune__binary__seed3__noise0.5__beta1.0__ft0.0
100,finetune,Robot,configs/domains/robot.yaml,Passive,Prioritization-PER,3,binary,mlp.model_noise,1.0,configs/base.yaml,,/cluster/home/jsanta07/fNIRS2RL/Experiment/ParticipantData/,/cluster/home/jsanta07/OfflineNeuroloop,Robot__Passive__Prioritization-PER__finetune__binary__seed3__noise1.0__beta1.0__ft0.0
101,finetune,Robot,configs/domains/robot.yaml,Active,Prioritization-PER,3,binary,mlp.model_noise,0.0,configs/base.yaml,,/cluster/home/jsanta07/fNIRS2RL/Experiment/ParticipantData/,/cluster/home/jsanta07/OfflineNeuroloop,Robot__Active__Prioritization-PER__finetune__binary__seed3__noise0.0__beta1.0__ft0.0
102,finetune,Robot,configs/domains/robot.yaml,Active,Prioritization-PER,3,binary,mlp.model_noise,0.2,configs/base.yaml,,/cluster/home/jsanta07/fNIRS2RL/Experiment/ParticipantData/,/cluster/home/jsanta07/OfflineNeuroloop,Robot__Active__Prioritization-PER__finetune__binary__seed3__noise0.2__beta1.0__ft0.0
103,finetune,Robot,configs/domains/robot.yaml,Active,Prioritization-PER,3,binary,mlp.model_noise,0.5,configs/base.yaml,,/cluster/home/jsanta07/fNIRS2RL/Experiment/ParticipantData/,/cluster/home/jsanta07/OfflineNeuroloop,Robot__Active__Prioritization-PER__finetune__binary__seed3__noise0.5__beta1.0__ft0.0
104,finetune,Robot,configs/domains/robot.yaml,Active,Prioritization-PER,3,binary,mlp.model_noise,1.0,configs/base.yaml,,/cluster/home/jsanta07/fNIRS2RL/Experiment/ParticipantData/,/cluster/home/jsanta07/OfflineNeuroloop,Robot__Active__Prioritization-PER__finetune__binary__seed3__noise1.0__beta1.0__ft0.0
105,finetune,Robot,configs/domains/robot.yaml,Pooled,Prioritization-PER,3,binary,mlp.model_noise,0.0,configs/base.yaml,,/cluster/home/jsanta07/fNIRS2RL/Experiment/ParticipantData/,/cluster/home/jsanta07/OfflineNeuroloop,Robot__Pooled__Prioritization-PER__finetune__binary__seed3__noise0.0__beta1.0__ft0.0
106,finetune,Robot,configs/domains/robot.yaml,Pooled,Prioritization-PER,3,binary,mlp.model_noise,0.2,configs/base.yaml,,/cluster/home/jsanta07/fNIRS2RL/Experiment/ParticipantData/,/cluster/home/jsanta07/OfflineNeuroloop,Robot__Pooled__Prioritization-PER__finetune__binary__seed3__noise0.2__beta1.0__ft0.0
107,finetune,Robot,configs/domains/robot.yaml,Pooled,Prioritization-PER,3,binary,mlp.model_noise,0.5,configs/base.yaml,,/cluster/home/jsanta07/fNIRS2RL/Experiment/ParticipantData/,/cluster/home/jsanta07/OfflineNeuroloop,Robot__Pooled__Prioritization-PER__finetune__binary__seed3__noise0.5__beta1.0__ft0.0
108,finetune,Robot,configs/domains/robot.yaml,Pooled,Prioritization-PER,3,binary,mlp.model_noise,1.0,configs/base.yaml,,/cluster/home/jsanta07/fNIRS2RL/Experiment/ParticipantData/,/cluster/home/jsanta07/OfflineNeuroloop,Robot__Pooled__Prioritization-PER__finetune__binary__seed3__noise1.0__beta1.0__ft0.0
109,finetune,Robot,configs/domains/robot.yaml,Passive,Q-Augmentation-PER,3,binary,mlp.model_noise,0.0,configs/base.yaml,,/cluster/home/jsanta07/fNIRS2RL/Experiment/ParticipantData/,/cluster/home/jsanta07/OfflineNeuroloop,Robot__Passive__Q-Augmentation-PER__finetune__binary__seed3__noise0.0__beta1.0__ft0.0
110,finetune,Robot,configs/domains/robot.yaml,Passive,Q-Augmentation-PER,3,binary,mlp.model_noise,0.2,configs/base.yaml,,/cluster/home/jsanta07/fNIRS2RL/Experiment/ParticipantData/,/cluster/home/jsanta07/OfflineNeuroloop,Robot__Passive__Q-Augmentation-PER__finetune__binary__seed3__noise0.2__beta1.0__ft0.0
111,finetune,Robot,configs/domains/robot.yaml,Passive,Q-Augmentation-PER,3,binary,mlp.model_noise,0.5,configs/base.yaml,,/cluster/home/jsanta07/fNIRS2RL/Experiment/ParticipantData/,/cluster/home/jsanta07/OfflineNeuroloop,Robot__Passive__Q-Augmentation-PER__finetune__binary__seed3__noise0.5__beta1.0__ft0.0
112,finetune,Robot,configs/domains/robot.yaml,Passive,Q-Augmentation-PER,3,binary,mlp.model_noise,1.0,configs/base.yaml,,/cluster/home/jsanta07/fNIRS2RL/Experiment/ParticipantData/,/cluster/home/jsanta07/OfflineNeuroloop,Robot__Passive__Q-Augmentation-PER__finetune__binary__seed3__noise1.0__beta1.0__ft0.0
113,finetune,Robot,configs/domains/robot.yaml,Active,Q-Augmentation-PER,3,binary,mlp.model_noise,0.0,configs/base.yaml,,/cluster/home/jsanta07/fNIRS2RL/Experiment/ParticipantData/,/cluster/home/jsanta07/OfflineNeuroloop,Robot__Active__Q-Augmentation-PER__finetune__binary__seed3__noise0.0__beta1.0__ft0.0
114,finetune,Robot,configs/domains/robot.yaml,Active,Q-Augmentation-PER,3,binary,mlp.model_noise,0.2,configs/base.yaml,,/cluster/home/jsanta07/fNIRS2RL/Experiment/ParticipantData/,/cluster/home/jsanta07/OfflineNeuroloop,Robot__Active__Q-Augmentation-PER__finetune__binary__seed3__noise0.2__beta1.0__ft0.0
115,finetune,Robot,configs/domains/robot.yaml,Active,Q-Augmentation-PER,3,binary,mlp.model_noise,0.5,configs/base.yaml,,/cluster/home/jsanta07/fNIRS2RL/Experiment/ParticipantData/,/cluster/home/jsanta07/OfflineNeuroloop,Robot__Active__Q-Augmentation-PER__finetune__binary__seed3__noise0.5__beta1.0__ft0.0
116,finetune,Robot,configs/domains/robot.yaml,Active,Q-Augmentation-PER,3,binary,mlp.model_noise,1.0,configs/base.yaml,,/cluster/home/jsanta07/fNIRS2RL/Experiment/ParticipantData/,/cluster/home/jsanta07/OfflineNeuroloop,Robot__Active__Q-Augmentation-PER__finetune__binary__seed3__noise1.0__beta1.0__ft0.0
117,finetune,Robot,configs/domains/robot.yaml,Pooled,Q-Augmentation-PER,3,binary,mlp.model_noise,0.0,configs/base.yaml,,/cluster/home/jsanta07/fNIRS2RL/Experiment/ParticipantData/,/cluster/home/jsanta07/OfflineNeuroloop,Robot__Pooled__Q-Augmentation-PER__finetune__binary__seed3__noise0.0__beta1.0__ft0.0
118,finetune,Robot,configs/domains/robot.yaml,Pooled,Q-Augmentation-PER,3,binary,mlp.model_noise,0.2,configs/base.yaml,,/cluster/home/jsanta07/fNIRS2RL/Experiment/ParticipantData/,/cluster/home/jsanta07/OfflineNeuroloop,Robot__Pooled__Q-Augmentation-PER__finetune__binary__seed3__noise0.2__beta1.0__ft0.0
119,finetune,Robot,configs/domains/robot.yaml,Pooled,Q-Augmentation-PER,3,binary,mlp.model_noise,0.5,configs/base.yaml,,/cluster/home/jsanta07/fNIRS2RL/Experiment/ParticipantData/,/cluster/home/jsanta07/OfflineNeuroloop,Robot__Pooled__Q-Augmentation-PER__finetune__binary__seed3__noise0.5__beta1.0__ft0.0
120,finetune,Robot,configs/domains/robot.yaml,Pooled,Q-Augmentation-PER,3,binary,mlp.model_noise,1.0,configs/base.yaml,,/cluster/home/jsanta07/fNIRS2RL/Experiment/ParticipantData/,/cluster/home/jsanta07/OfflineNeuroloop,Robot__Pooled__Q-Augmentation-PER__finetune__binary__seed3__noise1.0__beta1.0__ft0.0
121,finetune,Robot,configs/domains/robot.yaml,Passive,Reward Augmentation-PER,3,binary,mlp.model_noise,0.0,configs/base.yaml,,/cluster/home/jsanta07/fNIRS2RL/Experiment/ParticipantData/,/cluster/home/jsanta07/OfflineNeuroloop,Robot__Passive__Reward Augmentation-PER__finetune__binary__seed3__noise0.0__beta1.0__ft0.0
122,finetune,Robot,configs/domains/robot.yaml,Passive,Reward Augmentation-PER,3,binary,mlp.model_noise,0.2,configs/base.yaml,,/cluster/home/jsanta07/fNIRS2RL/Experiment/ParticipantData/,/cluster/home/jsanta07/OfflineNeuroloop,Robot__Passive__Reward Augmentation-PER__finetune__binary__seed3__noise0.2__beta1.0__ft0.0
123,finetune,Robot,configs/domains/robot.yaml,Passive,Reward Augmentation-PER,3,binary,mlp.model_noise,0.5,configs/base.yaml,,/cluster/home/jsanta07/fNIRS2RL/Experiment/ParticipantData/,/cluster/home/jsanta07/OfflineNeuroloop,Robot__Passive__Reward Augmentation-PER__finetune__binary__seed3__noise0.5__beta1.0__ft0.0
124,finetune,Robot,configs/domains/robot.yaml,Passive,Reward Augmentation-PER,3,binary,mlp.model_noise,1.0,configs/base.yaml,,/cluster/home/jsanta07/fNIRS2RL/Experiment/ParticipantData/,/cluster/home/jsanta07/OfflineNeuroloop,Robot__Passive__Reward Augmentation-PER__finetune__binary__seed3__noise1.0__beta1.0__ft0.0
125,finetune,Robot,configs/domains/robot.yaml,Active,Reward Augmentation-PER,3,binary,mlp.model_noise,0.0,configs/base.yaml,,/cluster/home/jsanta07/fNIRS2RL/Experiment/ParticipantData/,/cluster/home/jsanta07/OfflineNeuroloop,Robot__Active__Reward Augmentation-PER__finetune__binary__seed3__noise0.0__beta1.0__ft0.0
126,finetune,Robot,configs/domains/robot.yaml,Active,Reward Augmentation-PER,3,binary,mlp.model_noise,0.2,configs/base.yaml,,/cluster/home/jsanta07/fNIRS2RL/Experiment/ParticipantData/,/cluster/home/jsanta07/OfflineNeuroloop,Robot__Active__Reward Augmentation-PER__finetune__binary__seed3__noise0.2__beta1.0__ft0.0
127,finetune,Robot,configs/domains/robot.yaml,Active,Reward Augmentation-PER,3,binary,mlp.model_noise,0.5,configs/base.yaml,,/cluster/home/jsanta07/fNIRS2RL/Experiment/ParticipantData/,/cluster/home/jsanta07/OfflineNeuroloop,Robot__Active__Reward Augmentation-PER__finetune__binary__seed3__noise0.5__beta1.0__ft0.0
128,finetune,Robot,configs/domains/robot.yaml,Active,Reward Augmentation-PER,3,binary,mlp.model_noise,1.0,configs/base.yaml,,/cluster/home/jsanta07/fNIRS2RL/Experiment/ParticipantData/,/cluster/home/jsanta07/OfflineNeuroloop,Robot__Active__Reward Augmentation-PER__finetune__binary__seed3__noise1.0__beta1.0__ft0.0
129,finetune,Robot,configs/domains/robot.yaml,Pooled,Reward Augmentation-PER,3,binary,mlp.model_noise,0.0,configs/base.yaml,,/cluster/home/jsanta07/fNIRS2RL/Experiment/ParticipantData/,/cluster/home/jsanta07/OfflineNeuroloop,Robot__Pooled__Reward Augmentation-PER__finetune__binary__seed3__noise0.0__beta1.0__ft0.0
130,finetune,Robot,configs/domains/robot.yaml,Pooled,Reward Augmentation-PER,3,binary,mlp.model_noise,0.2,configs/base.yaml,,/cluster/home/jsanta07/fNIRS2RL/Experiment/ParticipantData/,/cluster/home/jsanta07/OfflineNeuroloop,Robot__Pooled__Reward Augmentation-PER__finetune__binary__seed3__noise0.2__beta1.0__ft0.0
131,finetune,Robot,configs/domains/robot.yaml,Pooled,Reward Augmentation-PER,3,binary,mlp.model_noise,0.5,configs/base.yaml,,/cluster/home/jsanta07/fNIRS2RL/Experiment/ParticipantData/,/cluster/home/jsanta07/OfflineNeuroloop,Robot__Pooled__Reward Augmentation-PER__finetune__binary__seed3__noise0.5__beta1.0__ft0.0
132,finetune,Robot,configs/domains/robot.yaml,Pooled,Reward Augmentation-PER,3,binary,mlp.model_noise,1.0,configs/base.yaml,,/cluster/home/jsanta07/fNIRS2RL/Experiment/ParticipantData/,/cluster/home/jsanta07/OfflineNeuroloop,Robot__Pooled__Reward Augmentation-PER__finetune__binary__seed3__noise1.0__beta1.0__ft0.0
133,finetune,Robot,configs/domains/robot.yaml,Passive,All-PER,3,binary,mlp.model_noise,0.0,configs/base.yaml,,/cluster/home/jsanta07/fNIRS2RL/Experiment/ParticipantData/,/cluster/home/jsanta07/OfflineNeuroloop,Robot__Passive__All-PER__finetune__binary__seed3__noise0.0__beta1.0__ft0.0
134,finetune,Robot,configs/domains/robot.yaml,Passive,All-PER,3,binary,mlp.model_noise,0.2,configs/base.yaml,,/cluster/home/jsanta07/fNIRS2RL/Experiment/ParticipantData/,/cluster/home/jsanta07/OfflineNeuroloop,Robot__Passive__All-PER__finetune__binary__seed3__noise0.2__beta1.0__ft0.0
135,finetune,Robot,configs/domains/robot.yaml,Passive,All-PER,3,binary,mlp.model_noise,0.5,configs/base.yaml,,/cluster/home/jsanta07/fNIRS2RL/Experiment/ParticipantData/,/cluster/home/jsanta07/OfflineNeuroloop,Robot__Passive__All-PER__finetune__binary__seed3__noise0.5__beta1.0__ft0.0
136,finetune,Robot,configs/domains/robot.yaml,Passive,All-PER,3,binary,mlp.model_noise,1.0,configs/base.yaml,,/cluster/home/jsanta07/fNIRS2RL/Experiment/ParticipantData/,/cluster/home/jsanta07/OfflineNeuroloop,Robot__Passive__All-PER__finetune__binary__seed3__noise1.0__beta1.0__ft0.0
137,finetune,Robot,configs/domains/robot.yaml,Active,All-PER,3,binary,mlp.model_noise,0.0,configs/base.yaml,,/cluster/home/jsanta07/fNIRS2RL/Experiment/ParticipantData/,/cluster/home/jsanta07/OfflineNeuroloop,Robot__Active__All-PER__finetune__binary__seed3__noise0.0__beta1.0__ft0.0
138,finetune,Robot,configs/domains/robot.yaml,Active,All-PER,3,binary,mlp.model_noise,0.2,configs/base.yaml,,/cluster/home/jsanta07/fNIRS2RL/Experiment/ParticipantData/,/cluster/home/jsanta07/OfflineNeuroloop,Robot__Active__All-PER__finetune__binary__seed3__noise0.2__beta1.0__ft0.0
139,finetune,Robot,configs/domains/robot.yaml,Active,All-PER,3,binary,mlp.model_noise,0.5,configs/base.yaml,,/cluster/home/jsanta07/fNIRS2RL/Experiment/ParticipantData/,/cluster/home/jsanta07/OfflineNeuroloop,Robot__Active__All-PER__finetune__binary__seed3__noise0.5__beta1.0__ft0.0
140,finetune,Robot,configs/domains/robot.yaml,Active,All-PER,3,binary,mlp.model_noise,1.0,configs/base.yaml,,/cluster/home/jsanta07/fNIRS2RL/Experiment/ParticipantData/,/cluster/home/jsanta07/OfflineNeuroloop,Robot__Active__All-PER__finetune__binary__seed3__noise1.0__beta1.0__ft0.0
141,finetune,Robot,configs/domains/robot.yaml,Pooled,All-PER,3,binary,mlp.model_noise,0.0,configs/base.yaml,,/cluster/home/jsanta07/fNIRS2RL/Experiment/ParticipantData/,/cluster/home/jsanta07/OfflineNeuroloop,Robot__Pooled__All-PER__finetune__binary__seed3__noise0.0__beta1.0__ft0.0
142,finetune,Robot,configs/domains/robot.yaml,Pooled,All-PER,3,binary,mlp.model_noise,0.2,configs/base.yaml,,/cluster/home/jsanta07/fNIRS2RL/Experiment/ParticipantData/,/cluster/home/jsanta07/OfflineNeuroloop,Robot__Pooled__All-PER__finetune__binary__seed3__noise0.2__beta1.0__ft0.0
143,finetune,Robot,configs/domains/robot.yaml,Pooled,All-PER,3,binary,mlp.model_noise,0.5,configs/base.yaml,,/cluster/home/jsanta07/fNIRS2RL/Experiment/ParticipantData/,/cluster/home/jsanta07/OfflineNeuroloop,Robot__Pooled__All-PER__finetune__binary__seed3__noise0.5__beta1.0__ft0.0
144,finetune,Robot,configs/domains/robot.yaml,Pooled,All-PER,3,binary,mlp.model_noise,1.0,configs/base.yaml,,/cluster/home/jsanta07/fNIRS2RL/Experiment/ParticipantData/,/cluster/home/jsanta07/OfflineNeuroloop,Robot__Pooled__All-PER__finetune__binary__seed3__noise1.0__beta1.0__ft0.0
145,finetune,Robot,configs/domains/robot.yaml,Passive,Prioritization-PER,4,binary,mlp.model_noise,0.0,configs/base.yaml,,/cluster/home/jsanta07/fNIRS2RL/Experiment/ParticipantData/,/cluster/home/jsanta07/OfflineNeuroloop,Robot__Passive__Prioritization-PER__finetune__binary__seed4__noise0.0__beta1.0__ft0.0
146,finetune,Robot,configs/domains/robot.yaml,Passive,Prioritization-PER,4,binary,mlp.model_noise,0.2,configs/base.yaml,,/cluster/home/jsanta07/fNIRS2RL/Experiment/ParticipantData/,/cluster/home/jsanta07/OfflineNeuroloop,Robot__Passive__Prioritization-PER__finetune__binary__seed4__noise0.2__beta1.0__ft0.0
147,finetune,Robot,configs/domains/robot.yaml,Passive,Prioritization-PER,4,binary,mlp.model_noise,0.5,configs/base.yaml,,/cluster/home/jsanta07/fNIRS2RL/Experiment/ParticipantData/,/cluster/home/jsanta07/OfflineNeuroloop,Robot__Passive__Prioritization-PER__finetune__binary__seed4__noise0.5__beta1.0__ft0.0
148,finetune,Robot,configs/domains/robot.yaml,Passive,Prioritization-PER,4,binary,mlp.model_noise,1.0,configs/base.yaml,,/cluster/home/jsanta07/fNIRS2RL/Experiment/ParticipantData/,/cluster/home/jsanta07/OfflineNeuroloop,Robot__Passive__Prioritization-PER__finetune__binary__seed4__noise1.0__beta1.0__ft0.0
149,finetune,Robot,configs/domains/robot.yaml,Active,Prioritization-PER,4,binary,mlp.model_noise,0.0,configs/base.yaml,,/cluster/home/jsanta07/fNIRS2RL/Experiment/ParticipantData/,/cluster/home/jsanta07/OfflineNeuroloop,Robot__Active__Prioritization-PER__finetune__binary__seed4__noise0.0__beta1.0__ft0.0
150,finetune,Robot,configs/domains/robot.yaml,Active,Prioritization-PER,4,binary,mlp.model_noise,0.2,configs/base.yaml,,/cluster/home/jsanta07/fNIRS2RL/Experiment/ParticipantData/,/cluster/home/jsanta07/OfflineNeuroloop,Robot__Active__Prioritization-PER__finetune__binary__seed4__noise0.2__beta1.0__ft0.0
151,finetune,Robot,configs/domains/robot.yaml,Active,Prioritization-PER,4,binary,mlp.model_noise,0.5,configs/base.yaml,,/cluster/home/jsanta07/fNIRS2RL/Experiment/ParticipantData/,/cluster/home/jsanta07/OfflineNeuroloop,Robot__Active__Prioritization-PER__finetune__binary__seed4__noise0.5__beta1.0__ft0.0
152,finetune,Robot,configs/domains/robot.yaml,Active,Prioritization-PER,4,binary,mlp.model_noise,1.0,configs/base.yaml,,/cluster/home/jsanta07/fNIRS2RL/Experiment/ParticipantData/,/cluster/home/jsanta07/OfflineNeuroloop,Robot__Active__Prioritization-PER__finetune__binary__seed4__noise1.0__beta1.0__ft0.0
153,finetune,Robot,configs/domains/robot.yaml,Pooled,Prioritization-PER,4,binary,mlp.model_noise,0.0,configs/base.yaml,,/cluster/home/jsanta07/fNIRS2RL/Experiment/ParticipantData/,/cluster/home/jsanta07/OfflineNeuroloop,Robot__Pooled__Prioritization-PER__finetune__binary__seed4__noise0.0__beta1.0__ft0.0
154,finetune,Robot,configs/domains/robot.yaml,Pooled,Prioritization-PER,4,binary,mlp.model_noise,0.2,configs/base.yaml,,/cluster/home/jsanta07/fNIRS2RL/Experiment/ParticipantData/,/cluster/home/jsanta07/OfflineNeuroloop,Robot__Pooled__Prioritization-PER__finetune__binary__seed4__noise0.2__beta1.0__ft0.0
155,finetune,Robot,configs/domains/robot.yaml,Pooled,Prioritization-PER,4,binary,mlp.model_noise,0.5,configs/base.yaml,,/cluster/home/jsanta07/fNIRS2RL/Experiment/ParticipantData/,/cluster/home/jsanta07/OfflineNeuroloop,Robot__Pooled__Prioritization-PER__finetune__binary__seed4__noise0.5__beta1.0__ft0.0
156,finetune,Robot,configs/domains/robot.yaml,Pooled,Prioritization-PER,4,binary,mlp.model_noise,1.0,configs/base.yaml,,/cluster/home/jsanta07/fNIRS2RL/Experiment/ParticipantData/,/cluster/home/jsanta07/OfflineNeuroloop,Robot__Pooled__Prioritization-PER__finetune__binary__seed4__noise1.0__beta1.0__ft0.0
157,finetune,Robot,configs/domains/robot.yaml,Passive,Q-Augmentation-PER,4,binary,mlp.model_noise,0.0,configs/base.yaml,,/cluster/home/jsanta07/fNIRS2RL/Experiment/ParticipantData/,/cluster/home/jsanta07/OfflineNeuroloop,Robot__Passive__Q-Augmentation-PER__finetune__binary__seed4__noise0.0__beta1.0__ft0.0
158,finetune,Robot,configs/domains/robot.yaml,Passive,Q-Augmentation-PER,4,binary,mlp.model_noise,0.2,configs/base.yaml,,/cluster/home/jsanta07/fNIRS2RL/Experiment/ParticipantData/,/cluster/home/jsanta07/OfflineNeuroloop,Robot__Passive__Q-Augmentation-PER__finetune__binary__seed4__noise0.2__beta1.0__ft0.0
159,finetune,Robot,configs/domains/robot.yaml,Passive,Q-Augmentation-PER,4,binary,mlp.model_noise,0.5,configs/base.yaml,,/cluster/home/jsanta07/fNIRS2RL/Experiment/ParticipantData/,/cluster/home/jsanta07/OfflineNeuroloop,Robot__Passive__Q-Augmentation-PER__finetune__binary__seed4__noise0.5__beta1.0__ft0.0
160,finetune,Robot,configs/domains/robot.yaml,Passive,Q-Augmentation-PER,4,binary,mlp.model_noise,1.0,configs/base.yaml,,/cluster/home/jsanta07/fNIRS2RL/Experiment/ParticipantData/,/cluster/home/jsanta07/OfflineNeuroloop,Robot__Passive__Q-Augmentation-PER__finetune__binary__seed4__noise1.0__beta1.0__ft0.0
161,finetune,Robot,configs/domains/robot.yaml,Active,Q-Augmentation-PER,4,binary,mlp.model_noise,0.0,configs/base.yaml,,/cluster/home/jsanta07/fNIRS2RL/Experiment/ParticipantData/,/cluster/home/jsanta07/OfflineNeuroloop,Robot__Active__Q-Augmentation-PER__finetune__binary__seed4__noise0.0__beta1.0__ft0.0
162,finetune,Robot,configs/domains/robot.yaml,Active,Q-Augmentation-PER,4,binary,mlp.model_noise,0.2,configs/base.yaml,,/cluster/home/jsanta07/fNIRS2RL/Experiment/ParticipantData/,/cluster/home/jsanta07/OfflineNeuroloop,Robot__Active__Q-Augmentation-PER__finetune__binary__seed4__noise0.2__beta1.0__ft0.0
163,finetune,Robot,configs/domains/robot.yaml,Active,Q-Augmentation-PER,4,binary,mlp.model_noise,0.5,configs/base.yaml,,/cluster/home/jsanta07/fNIRS2RL/Experiment/ParticipantData/,/cluster/home/jsanta07/OfflineNeuroloop,Robot__Active__Q-Augmentation-PER__finetune__binary__seed4__noise0.5__beta1.0__ft0.0
164,finetune,Robot,configs/domains/robot.yaml,Active,Q-Augmentation-PER,4,binary,mlp.model_noise,1.0,configs/base.yaml,,/cluster/home/jsanta07/fNIRS2RL/Experiment/ParticipantData/,/cluster/home/jsanta07/OfflineNeuroloop,Robot__Active__Q-Augmentation-PER__finetune__binary__seed4__noise1.0__beta1.0__ft0.0
165,finetune,Robot,configs/domains/robot.yaml,Pooled,Q-Augmentation-PER,4,binary,mlp.model_noise,0.0,configs/base.yaml,,/cluster/home/jsanta07/fNIRS2RL/Experiment/ParticipantData/,/cluster/home/jsanta07/OfflineNeuroloop,Robot__Pooled__Q-Augmentation-PER__finetune__binary__seed4__noise0.0__beta1.0__ft0.0
166,finetune,Robot,configs/domains/robot.yaml,Pooled,Q-Augmentation-PER,4,binary,mlp.model_noise,0.2,configs/base.yaml,,/cluster/home/jsanta07/fNIRS2RL/Experiment/ParticipantData/,/cluster/home/jsanta07/OfflineNeuroloop,Robot__Pooled__Q-Augmentation-PER__finetune__binary__seed4__noise0.2__beta1.0__ft0.0
167,finetune,Robot,configs/domains/robot.yaml,Pooled,Q-Augmentation-PER,4,binary,mlp.model_noise,0.5,configs/base.yaml,,/cluster/home/jsanta07/fNIRS2RL/Experiment/ParticipantData/,/cluster/home/jsanta07/OfflineNeuroloop,Robot__Pooled__Q-Augmentation-PER__finetune__binary__seed4__noise0.5__beta1.0__ft0.0
168,finetune,Robot,configs/domains/robot.yaml,Pooled,Q-Augmentation-PER,4,binary,mlp.model_noise,1.0,configs/base.yaml,,/cluster/home/jsanta07/fNIRS2RL/Experiment/ParticipantData/,/cluster/home/jsanta07/OfflineNeuroloop,Robot__Pooled__Q-Augmentation-PER__finetune__binary__seed4__noise1.0__beta1.0__ft0.0
169,finetune,Robot,configs/domains/robot.yaml,Passive,Reward Augmentation-PER,4,binary,mlp.model_noise,0.0,configs/base.yaml,,/cluster/home/jsanta07/fNIRS2RL/Experiment/ParticipantData/,/cluster/home/jsanta07/OfflineNeuroloop,Robot__Passive__Reward Augmentation-PER__finetune__binary__seed4__noise0.0__beta1.0__ft0.0
170,finetune,Robot,configs/domains/robot.yaml,Passive,Reward Augmentation-PER,4,binary,mlp.model_noise,0.2,configs/base.yaml,,/cluster/home/jsanta07/fNIRS2RL/Experiment/ParticipantData/,/cluster/home/jsanta07/OfflineNeuroloop,Robot__Passive__Reward Augmentation-PER__finetune__binary__seed4__noise0.2__beta1.0__ft0.0
171,finetune,Robot,configs/domains/robot.yaml,Passive,Reward Augmentation-PER,4,binary,mlp.model_noise,0.5,configs/base.yaml,,/cluster/home/jsanta07/fNIRS2RL/Experiment/ParticipantData/,/cluster/home/jsanta07/OfflineNeuroloop,Robot__Passive__Reward Augmentation-PER__finetune__binary__seed4__noise0.5__beta1.0__ft0.0
172,finetune,Robot,configs/domains/robot.yaml,Passive,Reward Augmentation-PER,4,binary,mlp.model_noise,1.0,configs/base.yaml,,/cluster/home/jsanta07/fNIRS2RL/Experiment/ParticipantData/,/cluster/home/jsanta07/OfflineNeuroloop,Robot__Passive__Reward Augmentation-PER__finetune__binary__seed4__noise1.0__beta1.0__ft0.0
173,finetune,Robot,configs/domains/robot.yaml,Active,Reward Augmentation-PER,4,binary,mlp.model_noise,0.0,configs/base.yaml,,/cluster/home/jsanta07/fNIRS2RL/Experiment/ParticipantData/,/cluster/home/jsanta07/OfflineNeuroloop,Robot__Active__Reward Augmentation-PER__finetune__binary__seed4__noise0.0__beta1.0__ft0.0
174,finetune,Robot,configs/domains/robot.yaml,Active,Reward Augmentation-PER,4,binary,mlp.model_noise,0.2,configs/base.yaml,,/cluster/home/jsanta07/fNIRS2RL/Experiment/ParticipantData/,/cluster/home/jsanta07/OfflineNeuroloop,Robot__Active__Reward Augmentation-PER__finetune__binary__seed4__noise0.2__beta1.0__ft0.0
175,finetune,Robot,configs/domains/robot.yaml,Active,Reward Augmentation-PER,4,binary,mlp.model_noise,0.5,configs/base.yaml,,/cluster/home/jsanta07/fNIRS2RL/Experiment/ParticipantData/,/cluster/home/jsanta07/OfflineNeuroloop,Robot__Active__Reward Augmentation-PER__finetune__binary__seed4__noise0.5__beta1.0__ft0.0
176,finetune,Robot,configs/domains/robot.yaml,Active,Reward Augmentation-PER,4,binary,mlp.model_noise,1.0,configs/base.yaml,,/cluster/home/jsanta07/fNIRS2RL/Experiment/ParticipantData/,/cluster/home/jsanta07/OfflineNeuroloop,Robot__Active__Reward Augmentation-PER__finetune__binary__seed4__noise1.0__beta1.0__ft0.0
177,finetune,Robot,configs/domains/robot.yaml,Pooled,Reward Augmentation-PER,4,binary,mlp.model_noise,0.0,configs/base.yaml,,/cluster/home/jsanta07/fNIRS2RL/Experiment/ParticipantData/,/cluster/home/jsanta07/OfflineNeuroloop,Robot__Pooled__Reward Augmentation-PER__finetune__binary__seed4__noise0.0__beta1.0__ft0.0
178,finetune,Robot,configs/domains/robot.yaml,Pooled,Reward Augmentation-PER,4,binary,mlp.model_noise,0.2,configs/base.yaml,,/cluster/home/jsanta07/fNIRS2RL/Experiment/ParticipantData/,/cluster/home/jsanta07/OfflineNeuroloop,Robot__Pooled__Reward Augmentation-PER__finetune__binary__seed4__noise0.2__beta1.0__ft0.0
179,finetune,Robot,configs/domains/robot.yaml,Pooled,Reward Augmentation-PER,4,binary,mlp.model_noise,0.5,configs/base.yaml,,/cluster/home/jsanta07/fNIRS2RL/Experiment/ParticipantData/,/cluster/home/jsanta07/OfflineNeuroloop,Robot__Pooled__Reward Augmentation-PER__finetune__binary__seed4__noise0.5__beta1.0__ft0.0
180,finetune,Robot,configs/domains/robot.yaml,Pooled,Reward Augmentation-PER,4,binary,mlp.model_noise,1.0,configs/base.yaml,,/cluster/home/jsanta07/fNIRS2RL/Experiment/ParticipantData/,/cluster/home/jsanta07/OfflineNeuroloop,Robot__Pooled__Reward Augmentation-PER__finetune__binary__seed4__noise1.0__beta1.0__ft0.0
181,finetune,Robot,configs/domains/robot.yaml,Passive,All-PER,4,binary,mlp.model_noise,0.0,configs/base.yaml,,/cluster/home/jsanta07/fNIRS2RL/Experiment/ParticipantData/,/cluster/home/jsanta07/OfflineNeuroloop,Robot__Passive__All-PER__finetune__binary__seed4__noise0.0__beta1.0__ft0.0
182,finetune,Robot,configs/domains/robot.yaml,Passive,All-PER,4,binary,mlp.model_noise,0.2,configs/base.yaml,,/cluster/home/jsanta07/fNIRS2RL/Experiment/ParticipantData/,/cluster/home/jsanta07/OfflineNeuroloop,Robot__Passive__All-PER__finetune__binary__seed4__noise0.2__beta1.0__ft0.0
183,finetune,Robot,configs/domains/robot.yaml,Passive,All-PER,4,binary,mlp.model_noise,0.5,configs/base.yaml,,/cluster/home/jsanta07/fNIRS2RL/Experiment/ParticipantData/,/cluster/home/jsanta07/OfflineNeuroloop,Robot__Passive__All-PER__finetune__binary__seed4__noise0.5__beta1.0__ft0.0
184,finetune,Robot,configs/domains/robot.yaml,Passive,All-PER,4,binary,mlp.model_noise,1.0,configs/base.yaml,,/cluster/home/jsanta07/fNIRS2RL/Experiment/ParticipantData/,/cluster/home/jsanta07/OfflineNeuroloop,Robot__Passive__All-PER__finetune__binary__seed4__noise1.0__beta1.0__ft0.0
185,finetune,Robot,configs/domains/robot.yaml,Active,All-PER,4,binary,mlp.model_noise,0.0,configs/base.yaml,,/cluster/home/jsanta07/fNIRS2RL/Experiment/ParticipantData/,/cluster/home/jsanta07/OfflineNeuroloop,Robot__Active__All-PER__finetune__binary__seed4__noise0.0__beta1.0__ft0.0
186,finetune,Robot,configs/domains/robot.yaml,Active,All-PER,4,binary,mlp.model_noise,0.2,configs/base.yaml,,/cluster/home/jsanta07/fNIRS2RL/Experiment/ParticipantData/,/cluster/home/jsanta07/OfflineNeuroloop,Robot__Active__All-PER__finetune__binary__seed4__noise0.2__beta1.0__ft0.0
187,finetune,Robot,configs/domains/robot.yaml,Active,All-PER,4,binary,mlp.model_noise,0.5,configs/base.yaml,,/cluster/home/jsanta07/fNIRS2RL/Experiment/ParticipantData/,/cluster/home/jsanta07/OfflineNeuroloop,Robot__Active__All-PER__finetune__binary__seed4__noise0.5__beta1.0__ft0.0
188,finetune,Robot,configs/domains/robot.yaml,Active,All-PER,4,binary,mlp.model_noise,1.0,configs/base.yaml,,/cluster/home/jsanta07/fNIRS2RL/Experiment/ParticipantData/,/cluster/home/jsanta07/OfflineNeuroloop,Robot__Active__All-PER__finetune__binary__seed4__noise1.0__beta1.0__ft0.0
189,finetune,Robot,configs/domains/robot.yaml,Pooled,All-PER,4,binary,mlp.model_noise,0.0,configs/base.yaml,,/cluster/home/jsanta07/fNIRS2RL/Experiment/ParticipantData/,/cluster/home/jsanta07/OfflineNeuroloop,Robot__Pooled__All-PER__finetune__binary__seed4__noise0.0__beta1.0__ft0.0
190,finetune,Robot,configs/domains/robot.yaml,Pooled,All-PER,4,binary,mlp.model_noise,0.2,configs/base.yaml,,/cluster/home/jsanta07/fNIRS2RL/Experiment/ParticipantData/,/cluster/home/jsanta07/OfflineNeuroloop,Robot__Pooled__All-PER__finetune__binary__seed4__noise0.2__beta1.0__ft0.0
191,finetune,Robot,configs/domains/robot.yaml,Pooled,All-PER,4,binary,mlp.model_noise,0.5,configs/base.yaml,,/cluster/home/jsanta07/fNIRS2RL/Experiment/ParticipantData/,/cluster/home/jsanta07/OfflineNeuroloop,Robot__Pooled__All-PER__finetune__binary__seed4__noise0.5__beta1.0__ft0.0
192,finetune,Robot,configs/domains/robot.yaml,Pooled,All-PER,4,binary,mlp.model_noise,1.0,configs/base.yaml,,/cluster/home/jsanta07/fNIRS2RL/Experiment/ParticipantData/,/cluster/home/jsanta07/OfflineNeuroloop,Robot__Pooled__All-PER__finetune__binary__seed4__noise1.0__beta1.0__ft0.0
193,finetune,Robot,configs/domains/robot.yaml,Passive,Prioritization-PER,5,binary,mlp.model_noise,0.0,configs/base.yaml,,/cluster/home/jsanta07/fNIRS2RL/Experiment/ParticipantData/,/cluster/home/jsanta07/OfflineNeuroloop,Robot__Passive__Prioritization-PER__finetune__binary__seed5__noise0.0__beta1.0__ft0.0
194,finetune,Robot,configs/domains/robot.yaml,Passive,Prioritization-PER,5,binary,mlp.model_noise,0.2,configs/base.yaml,,/cluster/home/jsanta07/fNIRS2RL/Experiment/ParticipantData/,/cluster/home/jsanta07/OfflineNeuroloop,Robot__Passive__Prioritization-PER__finetune__binary__seed5__noise0.2__beta1.0__ft0.0
195,finetune,Robot,configs/domains/robot.yaml,Passive,Prioritization-PER,5,binary,mlp.model_noise,0.5,configs/base.yaml,,/cluster/home/jsanta07/fNIRS2RL/Experiment/ParticipantData/,/cluster/home/jsanta07/OfflineNeuroloop,Robot__Passive__Prioritization-PER__finetune__binary__seed5__noise0.5__beta1.0__ft0.0
196,finetune,Robot,configs/domains/robot.yaml,Passive,Prioritization-PER,5,binary,mlp.model_noise,1.0,configs/base.yaml,,/cluster/home/jsanta07/fNIRS2RL/Experiment/ParticipantData/,/cluster/home/jsanta07/OfflineNeuroloop,Robot__Passive__Prioritization-PER__finetune__binary__seed5__noise1.0__beta1.0__ft0.0
197,finetune,Robot,configs/domains/robot.yaml,Active,Prioritization-PER,5,binary,mlp.model_noise,0.0,configs/base.yaml,,/cluster/home/jsanta07/fNIRS2RL/Experiment/ParticipantData/,/cluster/home/jsanta07/OfflineNeuroloop,Robot__Active__Prioritization-PER__finetune__binary__seed5__noise0.0__beta1.0__ft0.0
198,finetune,Robot,configs/domains/robot.yaml,Active,Prioritization-PER,5,binary,mlp.model_noise,0.2,configs/base.yaml,,/cluster/home/jsanta07/fNIRS2RL/Experiment/ParticipantData/,/cluster/home/jsanta07/OfflineNeuroloop,Robot__Active__Prioritization-PER__finetune__binary__seed5__noise0.2__beta1.0__ft0.0
199,finetune,Robot,configs/domains/robot.yaml,Active,Prioritization-PER,5,binary,mlp.model_noise,0.5,configs/base.yaml,,/cluster/home/jsanta07/fNIRS2RL/Experiment/ParticipantData/,/cluster/home/jsanta07/OfflineNeuroloop,Robot__Active__Prioritization-PER__finetune__binary__seed5__noise0.5__beta1.0__ft0.0
200,finetune,Robot,configs/domains/robot.yaml,Active,Prioritization-PER,5,binary,mlp.model_noise,1.0,configs/base.yaml,,/cluster/home/jsanta07/fNIRS2RL/Experiment/ParticipantData/,/cluster/home/jsanta07/OfflineNeuroloop,Robot__Active__Prioritization-PER__finetune__binary__seed5__noise1.0__beta1.0__ft0.0
201,finetune,Robot,configs/domains/robot.yaml,Pooled,Prioritization-PER,5,binary,mlp.model_noise,0.0,configs/base.yaml,,/cluster/home/jsanta07/fNIRS2RL/Experiment/ParticipantData/,/cluster/home/jsanta07/OfflineNeuroloop,Robot__Pooled__Prioritization-PER__finetune__binary__seed5__noise0.0__beta1.0__ft0.0
202,finetune,Robot,configs/domains/robot.yaml,Pooled,Prioritization-PER,5,binary,mlp.model_noise,0.2,configs/base.yaml,,/cluster/home/jsanta07/fNIRS2RL/Experiment/ParticipantData/,/cluster/home/jsanta07/OfflineNeuroloop,Robot__Pooled__Prioritization-PER__finetune__binary__seed5__noise0.2__beta1.0__ft0.0
203,finetune,Robot,configs/domains/robot.yaml,Pooled,Prioritization-PER,5,binary,mlp.model_noise,0.5,configs/base.yaml,,/cluster/home/jsanta07/fNIRS2RL/Experiment/ParticipantData/,/cluster/home/jsanta07/OfflineNeuroloop,Robot__Pooled__Prioritization-PER__finetune__binary__seed5__noise0.5__beta1.0__ft0.0
204,finetune,Robot,configs/domains/robot.yaml,Pooled,Prioritization-PER,5,binary,mlp.model_noise,1.0,configs/base.yaml,,/cluster/home/jsanta07/fNIRS2RL/Experiment/ParticipantData/,/cluster/home/jsanta07/OfflineNeuroloop,Robot__Pooled__Prioritization-PER__finetune__binary__seed5__noise1.0__beta1.0__ft0.0
205,finetune,Robot,configs/domains/robot.yaml,Passive,Q-Augmentation-PER,5,binary,mlp.model_noise,0.0,configs/base.yaml,,/cluster/home/jsanta07/fNIRS2RL/Experiment/ParticipantData/,/cluster/home/jsanta07/OfflineNeuroloop,Robot__Passive__Q-Augmentation-PER__finetune__binary__seed5__noise0.0__beta1.0__ft0.0
206,finetune,Robot,configs/domains/robot.yaml,Passive,Q-Augmentation-PER,5,binary,mlp.model_noise,0.2,configs/base.yaml,,/cluster/home/jsanta07/fNIRS2RL/Experiment/ParticipantData/,/cluster/home/jsanta07/OfflineNeuroloop,Robot__Passive__Q-Augmentation-PER__finetune__binary__seed5__noise0.2__beta1.0__ft0.0
207,finetune,Robot,configs/domains/robot.yaml,Passive,Q-Augmentation-PER,5,binary,mlp.model_noise,0.5,configs/base.yaml,,/cluster/home/jsanta07/fNIRS2RL/Experiment/ParticipantData/,/cluster/home/jsanta07/OfflineNeuroloop,Robot__Passive__Q-Augmentation-PER__finetune__binary__seed5__noise0.5__beta1.0__ft0.0
208,finetune,Robot,configs/domains/robot.yaml,Passive,Q-Augmentation-PER,5,binary,mlp.model_noise,1.0,configs/base.yaml,,/cluster/home/jsanta07/fNIRS2RL/Experiment/ParticipantData/,/cluster/home/jsanta07/OfflineNeuroloop,Robot__Passive__Q-Augmentation-PER__finetune__binary__seed5__noise1.0__beta1.0__ft0.0
209,finetune,Robot,configs/domains/robot.yaml,Active,Q-Augmentation-PER,5,binary,mlp.model_noise,0.0,configs/base.yaml,,/cluster/home/jsanta07/fNIRS2RL/Experiment/ParticipantData/,/cluster/home/jsanta07/OfflineNeuroloop,Robot__Active__Q-Augmentation-PER__finetune__binary__seed5__noise0.0__beta1.0__ft0.0
210,finetune,Robot,configs/domains/robot.yaml,Active,Q-Augmentation-PER,5,binary,mlp.model_noise,0.2,configs/base.yaml,,/cluster/home/jsanta07/fNIRS2RL/Experiment/ParticipantData/,/cluster/home/jsanta07/OfflineNeuroloop,Robot__Active__Q-Augmentation-PER__finetune__binary__seed5__noise0.2__beta1.0__ft0.0
211,finetune,Robot,configs/domains/robot.yaml,Active,Q-Augmentation-PER,5,binary,mlp.model_noise,0.5,configs/base.yaml,,/cluster/home/jsanta07/fNIRS2RL/Experiment/ParticipantData/,/cluster/home/jsanta07/OfflineNeuroloop,Robot__Active__Q-Augmentation-PER__finetune__binary__seed5__noise0.5__beta1.0__ft0.0
212,finetune,Robot,configs/domains/robot.yaml,Active,Q-Augmentation-PER,5,binary,mlp.model_noise,1.0,configs/base.yaml,,/cluster/home/jsanta07/fNIRS2RL/Experiment/ParticipantData/,/cluster/home/jsanta07/OfflineNeuroloop,Robot__Active__Q-Augmentation-PER__finetune__binary__seed5__noise1.0__beta1.0__ft0.0
213,finetune,Robot,configs/domains/robot.yaml,Pooled,Q-Augmentation-PER,5,binary,mlp.model_noise,0.0,configs/base.yaml,,/cluster/home/jsanta07/fNIRS2RL/Experiment/ParticipantData/,/cluster/home/jsanta07/OfflineNeuroloop,Robot__Pooled__Q-Augmentation-PER__finetune__binary__seed5__noise0.0__beta1.0__ft0.0
214,finetune,Robot,configs/domains/robot.yaml,Pooled,Q-Augmentation-PER,5,binary,mlp.model_noise,0.2,configs/base.yaml,,/cluster/home/jsanta07/fNIRS2RL/Experiment/ParticipantData/,/cluster/home/jsanta07/OfflineNeuroloop,Robot__Pooled__Q-Augmentation-PER__finetune__binary__seed5__noise0.2__beta1.0__ft0.0
215,finetune,Robot,configs/domains/robot.yaml,Pooled,Q-Augmentation-PER,5,binary,mlp.model_noise,0.5,configs/base.yaml,,/cluster/home/jsanta07/fNIRS2RL/Experiment/ParticipantData/,/cluster/home/jsanta07/OfflineNeuroloop,Robot__Pooled__Q-Augmentation-PER__finetune__binary__seed5__noise0.5__beta1.0__ft0.0
216,finetune,Robot,configs/domains/robot.yaml,Pooled,Q-Augmentation-PER,5,binary,mlp.model_noise,1.0,configs/base.yaml,,/cluster/home/jsanta07/fNIRS2RL/Experiment/ParticipantData/,/cluster/home/jsanta07/OfflineNeuroloop,Robot__Pooled__Q-Augmentation-PER__finetune__binary__seed5__noise1.0__beta1.0__ft0.0
217,finetune,Robot,configs/domains/robot.yaml,Passive,Reward Augmentation-PER,5,binary,mlp.model_noise,0.0,configs/base.yaml,,/cluster/home/jsanta07/fNIRS2RL/Experiment/ParticipantData/,/cluster/home/jsanta07/OfflineNeuroloop,Robot__Passive__Reward Augmentation-PER__finetune__binary__seed5__noise0.0__beta1.0__ft0.0
218,finetune,Robot,configs/domains/robot.yaml,Passive,Reward Augmentation-PER,5,binary,mlp.model_noise,0.2,configs/base.yaml,,/cluster/home/jsanta07/fNIRS2RL/Experiment/ParticipantData/,/cluster/home/jsanta07/OfflineNeuroloop,Robot__Passive__Reward Augmentation-PER__finetune__binary__seed5__noise0.2__beta1.0__ft0.0
219,finetune,Robot,configs/domains/robot.yaml,Passive,Reward Augmentation-PER,5,binary,mlp.model_noise,0.5,configs/base.yaml,,/cluster/home/jsanta07/fNIRS2RL/Experiment/ParticipantData/,/cluster/home/jsanta07/OfflineNeuroloop,Robot__Passive__Reward Augmentation-PER__finetune__binary__seed5__noise0.5__beta1.0__ft0.0
220,finetune,Robot,configs/domains/robot.yaml,Passive,Reward Augmentation-PER,5,binary,mlp.model_noise,1.0,configs/base.yaml,,/cluster/home/jsanta07/fNIRS2RL/Experiment/ParticipantData/,/cluster/home/jsanta07/OfflineNeuroloop,Robot__Passive__Reward Augmentation-PER__finetune__binary__seed5__noise1.0__beta1.0__ft0.0
221,finetune,Robot,configs/domains/robot.yaml,Active,Reward Augmentation-PER,5,binary,mlp.model_noise,0.0,configs/base.yaml,,/cluster/home/jsanta07/fNIRS2RL/Experiment/ParticipantData/,/cluster/home/jsanta07/OfflineNeuroloop,Robot__Active__Reward Augmentation-PER__finetune__binary__seed5__noise0.0__beta1.0__ft0.0
222,finetune,Robot,configs/domains/robot.yaml,Active,Reward Augmentation-PER,5,binary,mlp.model_noise,0.2,configs/base.yaml,,/cluster/home/jsanta07/fNIRS2RL/Experiment/ParticipantData/,/cluster/home/jsanta07/OfflineNeuroloop,Robot__Active__Reward Augmentation-PER__finetune__binary__seed5__noise0.2__beta1.0__ft0.0
223,finetune,Robot,configs/domains/robot.yaml,Active,Reward Augmentation-PER,5,binary,mlp.model_noise,0.5,configs/base.yaml,,/cluster/home/jsanta07/fNIRS2RL/Experiment/ParticipantData/,/cluster/home/jsanta07/OfflineNeuroloop,Robot__Active__Reward Augmentation-PER__finetune__binary__seed5__noise0.5__beta1.0__ft0.0
224,finetune,Robot,configs/domains/robot.yaml,Active,Reward Augmentation-PER,5,binary,mlp.model_noise,1.0,configs/base.yaml,,/cluster/home/jsanta07/fNIRS2RL/Experiment/ParticipantData/,/cluster/home/jsanta07/OfflineNeuroloop,Robot__Active__Reward Augmentation-PER__finetune__binary__seed5__noise1.0__beta1.0__ft0.0
225,finetune,Robot,configs/domains/robot.yaml,Pooled,Reward Augmentation-PER,5,binary,mlp.model_noise,0.0,configs/base.yaml,,/cluster/home/jsanta07/fNIRS2RL/Experiment/ParticipantData/,/cluster/home/jsanta07/OfflineNeuroloop,Robot__Pooled__Reward Augmentation-PER__finetune__binary__seed5__noise0.0__beta1.0__ft0.0
226,finetune,Robot,configs/domains/robot.yaml,Pooled,Reward Augmentation-PER,5,binary,mlp.model_noise,0.2,configs/base.yaml,,/cluster/home/jsanta07/fNIRS2RL/Experiment/ParticipantData/,/cluster/home/jsanta07/OfflineNeuroloop,Robot__Pooled__Reward Augmentation-PER__finetune__binary__seed5__noise0.2__beta1.0__ft0.0
227,finetune,Robot,configs/domains/robot.yaml,Pooled,Reward Augmentation-PER,5,binary,mlp.model_noise,0.5,configs/base.yaml,,/cluster/home/jsanta07/fNIRS2RL/Experiment/ParticipantData/,/cluster/home/jsanta07/OfflineNeuroloop,Robot__Pooled__Reward Augmentation-PER__finetune__binary__seed5__noise0.5__beta1.0__ft0.0
228,finetune,Robot,configs/domains/robot.yaml,Pooled,Reward Augmentation-PER,5,binary,mlp.model_noise,1.0,configs/base.yaml,,/cluster/home/jsanta07/fNIRS2RL/Experiment/ParticipantData/,/cluster/home/jsanta07/OfflineNeuroloop,Robot__Pooled__Reward Augmentation-PER__finetune__binary__seed5__noise1.0__beta1.0__ft0.0
229,finetune,Robot,configs/domains/robot.yaml,Passive,All-PER,5,binary,mlp.model_noise,0.0,configs/base.yaml,,/cluster/home/jsanta07/fNIRS2RL/Experiment/ParticipantData/,/cluster/home/jsanta07/OfflineNeuroloop,Robot__Passive__All-PER__finetune__binary__seed5__noise0.0__beta1.0__ft0.0
230,finetune,Robot,configs/domains/robot.yaml,Passive,All-PER,5,binary,mlp.model_noise,0.2,configs/base.yaml,,/cluster/home/jsanta07/fNIRS2RL/Experiment/ParticipantData/,/cluster/home/jsanta07/OfflineNeuroloop,Robot__Passive__All-PER__finetune__binary__seed5__noise0.2__beta1.0__ft0.0
231,finetune,Robot,configs/domains/robot.yaml,Passive,All-PER,5,binary,mlp.model_noise,0.5,configs/base.yaml,,/cluster/home/jsanta07/fNIRS2RL/Experiment/ParticipantData/,/cluster/home/jsanta07/OfflineNeuroloop,Robot__Passive__All-PER__finetune__binary__seed5__noise0.5__beta1.0__ft0.0
232,finetune,Robot,configs/domains/robot.yaml,Passive,All-PER,5,binary,mlp.model_noise,1.0,configs/base.yaml,,/cluster/home/jsanta07/fNIRS2RL/Experiment/ParticipantData/,/cluster/home/jsanta07/OfflineNeuroloop,Robot__Passive__All-PER__finetune__binary__seed5__noise1.0__beta1.0__ft0.0
233,finetune,Robot,configs/domains/robot.yaml,Active,All-PER,5,binary,mlp.model_noise,0.0,configs/base.yaml,,/cluster/home/jsanta07/fNIRS2RL/Experiment/ParticipantData/,/cluster/home/jsanta07/OfflineNeuroloop,Robot__Active__All-PER__finetune__binary__seed5__noise0.0__beta1.0__ft0.0
234,finetune,Robot,configs/domains/robot.yaml,Active,All-PER,5,binary,mlp.model_noise,0.2,configs/base.yaml,,/cluster/home/jsanta07/fNIRS2RL/Experiment/ParticipantData/,/cluster/home/jsanta07/OfflineNeuroloop,Robot__Active__All-PER__finetune__binary__seed5__noise0.2__beta1.0__ft0.0
235,finetune,Robot,configs/domains/robot.yaml,Active,All-PER,5,binary,mlp.model_noise,0.5,configs/base.yaml,,/cluster/home/jsanta07/fNIRS2RL/Experiment/ParticipantData/,/cluster/home/jsanta07/OfflineNeuroloop,Robot__Active__All-PER__finetune__binary__seed5__noise0.5__beta1.0__ft0.0
236,finetune,Robot,configs/domains/robot.yaml,Active,All-PER,5,binary,mlp.model_noise,1.0,configs/base.yaml,,/cluster/home/jsanta07/fNIRS2RL/Experiment/ParticipantData/,/cluster/home/jsanta07/OfflineNeuroloop,Robot__Active__All-PER__finetune__binary__seed5__noise1.0__beta1.0__ft0.0
237,finetune,Robot,configs/domains/robot.yaml,Pooled,All-PER,5,binary,mlp.model_noise,0.0,configs/base.yaml,,/cluster/home/jsanta07/fNIRS2RL/Experiment/ParticipantData/,/cluster/home/jsanta07/OfflineNeuroloop,Robot__Pooled__All-PER__finetune__binary__seed5__noise0.0__beta1.0__ft0.0
238,finetune,Robot,configs/domains/robot.yaml,Pooled,All-PER,5,binary,mlp.model_noise,0.2,configs/base.yaml,,/cluster/home/jsanta07/fNIRS2RL/Experiment/ParticipantData/,/cluster/home/jsanta07/OfflineNeuroloop,Robot__Pooled__All-PER__finetune__binary__seed5__noise0.2__beta1.0__ft0.0
239,finetune,Robot,configs/domains/robot.yaml,Pooled,All-PER,5,binary,mlp.model_noise,0.5,configs/base.yaml,,/cluster/home/jsanta07/fNIRS2RL/Experiment/ParticipantData/,/cluster/home/jsanta07/OfflineNeuroloop,Robot__Pooled__All-PER__finetune__binary__seed5__noise0.5__beta1.0__ft0.0
240,finetune,Robot,configs/domains/robot.yaml,Pooled,All-PER,5,binary,mlp.model_noise,1.0,configs/base.yaml,,/cluster/home/jsanta07/fNIRS2RL/Experiment/ParticipantData/,/cluster/home/jsanta07/OfflineNeuroloop,Robot__Pooled__All-PER__finetune__binary__seed5__noise1.0__beta1.0__ft0.0
